,,\(T_0\),\(T_1\),\(T_2\),\(T_{2 \frac{1}{2}}\),Regular,Completely Regular,Normal,Completely Normal,Urysohn,Semiregular,\(T_3\),\(T_{3 \frac{1}{2}}\),\(T_4\),\(T_5\),Perfectly Normal,Compact,\(\sigma\)-compact,Lindelof,Countably Compact,Sequentially Compact,Weakly Countably Compact,Pseudocompact,Locally Compact,Strongly Locally Compact,\(\sigma\)-Locally Compact,Separable,Second Countable,First Countable,Countable Chain Condition,Paracompact,Metacompact,Countably Paracompact,Countably Metacompact,Fully \(T_4\),Fully Normal,Connected,Path Connected,Arc Connected,Hyperconnected,Ultraconnected,Locally Connected,Locally Path Connected,Locally Arc Connected,Biconnected,Has Dispersion Point,Totally Path Disconnected,Totally Disconnected,Totally Separated,Extremally Disconnected,Zero Dimensional,Scattered,Discrete,Metrizable,\(\sigma\)-Locally Finite Base,Topologically Complete,Second Category,Countable,Cardinality < \(\mathfrak(c)\),Cardinality \(\leq 2^{\mathfrak(c)}\),Strongly Connected
,,1,2,3,4,5,6,7,8,9,10,11,12,13,14,15,16,17,18,19,20,21,22,23,24,25,26,27,28,29,30,31,32,33,34,35,36,37,38,39,40,41,42,43,44,45,46,47,48,49,50,51,52,53,54,55,56,57,58,59,60
Finite Discrete Topology,1,1,1,1,1,1,1,1,1,1,1,1,1,1,1,1,1,1,1,1,1,1,1,1,1,1,1,1,1,1,1,1,1,1,1,1,0,0,0,0,0,1,1,1,0,0,1,1,1,1,1,1,1,1,1,1,1,1,1,1,0
Countable Discrete Topology,2,1,1,1,1,1,1,1,1,1,1,1,1,1,1,1,0,1,1,0,0,0,0,1,1,1,1,1,1,1,1,1,1,1,1,1,0,0,0,0,0,1,1,1,0,0,1,1,1,1,1,1,1,1,1,1,1,1,1,1,0
Uncountable Discrete Topology,3,1,1,1,1,1,1,1,1,1,1,1,1,1,1,1,0,0,0,0,0,0,0,1,1,0,0,0,1,0,1,1,1,1,1,1,0,0,0,0,0,1,1,1,0,0,1,1,1,1,1,1,1,1,1,1,1,0,na,na,0
Indiscrete Topology,4,0,0,0,0,1,1,1,1,0,0,0,0,0,0,0,1,1,1,1,1,1,1,1,1,1,1,1,1,1,1,1,1,1,0,1,1,1,na,1,1,1,1,na,na,na,0,0,0,0,1,0,0,0,1,na,1,na,na,na,1
Partition Topology,5,,,,,,,,,,,,,,,,,,,,,,,,,,,,,,,,,,,,,,,,,,,,,,,,,,,,,,,,,,,,
Odd-Even Topology,6,0,0,0,0,1,1,1,1,0,0,0,0,0,0,0,0,1,1,0,0,1,0,1,1,1,1,1,1,1,1,1,1,1,0,1,0,0,0,0,0,1,1,0,0,0,0,0,0,0,1,0,0,0,1,na,1,1,1,1,0
Deleted Integer Topology,7,,,,,,,,,,,,,,,,,,,,,,,,,,,,,,,,,,,,,,,,,,,,,,,,,,,,,,,,,,,,
Finite Particular Point Topology,8,1,0,0,0,0,0,0,0,0,0,0,0,0,0,0,1,1,1,1,1,1,1,1,1,1,1,1,1,1,1,1,1,1,0,0,1,1,0,1,0,1,1,0,1,1,0,0,0,0,0,1,0,0,1,na,1,1,1,1,1
Countable Particular Point Topology,9,1,0,0,0,0,0,0,0,0,0,0,0,0,0,0,0,1,1,0,0,0,1,1,0,1,1,1,1,1,0,0,0,0,0,0,1,1,0,1,0,1,1,0,1,1,0,0,0,0,0,1,0,0,1,na,1,1,1,1,1
Uncountable Particular Point Topology,10,1,0,0,0,0,0,0,0,0,0,0,0,0,0,0,0,0,0,0,0,0,1,1,0,0,1,0,1,1,0,0,0,0,0,0,1,1,0,1,0,1,1,0,1,1,0,0,0,0,0,1,0,0,0,na,1,0,na,na,1
Sierpinski Space,11,1,0,0,0,0,0,1,1,0,0,0,0,0,0,0,1,1,1,1,1,1,1,1,1,1,1,1,1,1,1,1,1,1,0,0,1,1,0,1,1,1,1,0,1,1,0,0,0,0,0,1,0,0,1,na,1,1,1,1,1
Closed Extension Topology,12,,,,,,,,,,,,,,,,,,,,,,,,,,,,,,,,,,,,,,,,,,,,,,,,,,,,,,,,,,,,
Finite Excluded Point Topology,13,1,0,0,0,0,0,1,1,0,0,0,0,0,0,0,1,1,1,1,1,1,1,1,1,1,1,1,1,1,1,1,1,1,0,1,1,1,0,0,1,1,1,0,1,1,0,0,0,0,0,1,0,0,1,na,1,1,1,1,1
Countable Excluded Point Topology,14,1,0,0,0,0,0,1,1,0,0,0,0,0,0,0,1,1,1,1,1,1,1,1,1,1,1,1,1,1,1,1,1,1,0,1,1,1,0,0,1,1,1,0,1,1,0,0,0,0,0,1,0,0,1,na,1,1,1,1,1
Uncountable Excluded Point Topology,15,1,0,0,0,0,0,1,1,0,0,0,0,0,0,0,1,1,1,1,1,1,1,1,1,1,0,0,1,0,1,1,1,1,0,1,1,1,0,0,1,1,1,0,1,1,0,0,0,0,0,1,0,0,1,na,1,0,na,na,1
Open Extension Topology,16,,,,,,,,,,,,,,,,,,,,,,,,,,,,,,,,,,,,,,,,,,,,,,,,,,,,,,,,,,,,
Either-Or Topology,17,1,0,0,0,0,0,1,1,0,0,0,0,0,0,0,1,1,1,1,1,1,1,1,1,1,0,0,1,0,1,1,1,1,0,1,0,0,0,0,0,1,1,0,0,0,0,0,0,0,0,1,0,0,1,na,1,0,0,1,0
Finite Complement Topology on a Countable Space,18,1,1,0,0,0,0,0,0,0,0,0,0,0,0,0,1,1,1,1,1,1,1,1,1,1,1,1,1,1,1,1,1,1,0,0,1,0,0,1,0,1,0,0,0,0,1,0,0,0,0,0,0,0,1,na,0,1,1,1,1
Finite Complement Topology on an Uncountable Space,19,1,1,0,0,0,0,0,0,0,0,0,0,0,0,0,1,1,1,1,1,1,1,1,1,1,1,0,0,1,1,1,1,1,0,0,1,1,1,1,0,1,1,1,0,0,0,0,0,0,0,0,0,0,0,na,1,0,na,na,1
Countable Complement Topology,20,1,1,0,0,0,0,0,0,0,0,0,0,0,0,0,0,0,1,0,0,0,1,0,0,0,0,0,0,1,0,0,0,0,0,0,1,0,0,1,0,1,0,0,0,0,1,0,0,0,0,0,0,0,0,na,1,0,na,na,1
Double Pointed Countable Complement Topology,21,0,0,0,0,0,0,0,0,0,0,0,0,0,0,0,0,0,1,0,0,1,1,0,0,0,0,0,0,1,0,0,0,0,0,0,1,0,0,1,0,1,0,0,0,0,0,0,0,0,0,0,0,0,0,na,1,0,na,na,1
Compact Complement Topology,22,1,1,0,0,0,0,0,0,0,0,0,0,0,0,0,1,1,1,1,1,1,1,1,1,1,1,1,1,1,1,1,1,1,0,0,1,1,1,1,0,1,1,1,0,0,0,0,0,0,0,0,0,0,1,na,0,0,0,1,1
Countable Fort Space,23,1,1,1,1,1,1,1,1,1,1,1,1,1,1,1,1,1,1,1,1,1,1,1,1,1,1,1,1,1,1,1,1,1,1,1,0,0,0,0,0,0,0,0,0,0,1,1,1,0,1,1,0,1,1,1,1,1,1,1,0
Uncountable Fort Space,24,1,1,1,1,1,1,1,1,1,1,1,1,1,1,0,1,1,1,1,1,1,1,1,1,1,0,0,0,1,1,1,1,1,1,1,0,0,0,0,0,0,0,0,0,0,1,1,1,0,1,1,0,0,0,na,1,0,na,na,0
Fortissimo Space,25,1,1,1,1,1,1,1,1,1,1,1,1,1,1,0,0,0,1,0,0,0,0,0,0,0,0,0,0,0,1,1,1,1,1,1,0,0,0,0,0,0,0,0,0,0,1,1,1,0,1,1,0,0,0,na,1,0,na,na,0
Arens-Fort Space,26,1,1,1,1,1,1,1,1,1,1,1,1,1,1,1,0,1,1,0,0,0,0,0,0,0,1,0,0,1,1,1,1,1,1,1,0,0,0,0,0,0,0,0,0,0,1,1,1,0,1,1,0,0,0,na,1,1,1,1,0
Modified Fort Space,27,1,1,0,0,0,0,0,0,0,0,0,0,0,0,0,1,1,1,1,1,1,1,1,1,1,0,0,0,0,1,1,1,1,0,0,0,0,0,0,0,0,0,0,0,0,1,1,0,0,0,1,0,0,0,na,1,0,na,na,0
Euclidean Topology,28,1,1,1,1,1,1,1,1,1,1,1,1,1,1,1,0,1,1,0,0,0,0,1,1,1,1,1,1,1,1,1,1,1,1,1,1,1,1,0,0,1,1,1,0,0,0,0,0,0,0,0,0,1,1,1,1,0,0,1,0
The Cantor Set,29,1,1,1,1,1,1,1,1,1,1,1,1,1,1,1,1,1,1,1,1,1,1,1,1,1,1,1,1,1,1,1,1,1,1,1,0,0,0,0,0,0,0,0,0,0,1,1,1,0,1,0,0,1,1,1,1,0,0,1,0
The Rational Numbers,30,1,1,1,1,1,1,1,1,1,1,1,1,1,1,1,0,1,1,0,0,0,0,0,0,0,1,1,1,1,1,1,1,1,1,1,0,0,0,0,0,0,0,0,0,0,1,1,1,0,1,0,0,1,1,0,0,1,1,1,0
The Irrational Numbers,31,1,1,1,1,1,1,1,1,1,1,1,1,1,1,1,0,0,1,0,0,0,0,0,0,0,1,1,1,1,1,1,1,1,1,1,0,0,0,0,0,0,0,0,0,0,1,1,1,0,1,0,0,1,1,1,1,0,0,1,0
Special Subsets of the Real Line,32,,,,,,,,,,,,,,,,,,,,,,,,,,,,,,,,,,,,,,,,,,,,,,,,,,,,,,,,,,,,
Special Subsets of the Plane,33,,,,,,,,,,,,,,,,,,,,,,,,,,,,,,,,,,,,,,,,,,,,,,,,,,,,,,,,,,,,
One Point Compactification Topology,34,,,,,,,,,,,,,,,,,,,,,,,,,,,,,,,,,,,,,,,,,,,,,,,,,,,,,,,,,,,,
One Point Compactification of the Rationals,35,1,1,0,0,0,0,0,0,0,0,0,0,0,0,0,1,1,1,1,1,1,1,1,1,1,1,0,0,1,1,1,1,1,0,0,1,0,0,0,0,0,0,0,1,1,1,0,0,0,0,0,0,0,1,na,0,1,1,1,1
Hilbert Space,36,1,1,1,1,1,1,1,1,1,1,1,1,1,1,1,0,0,1,0,0,0,0,0,0,0,1,1,1,1,1,1,1,1,1,1,1,1,1,0,0,1,1,1,0,0,0,0,0,0,0,0,0,1,1,1,1,0,0,1,0
Frechet Space,37,,,,,,,,,,,,,,,,,,,,,,,,,,,,,,,,,,,,,,,,,,,,,,,,,,,,,,,,,,,,
Hilbert Cube,38,1,1,1,1,1,1,1,1,1,1,1,1,1,1,1,1,1,1,1,1,1,1,1,1,1,1,1,1,1,1,1,1,1,1,1,1,1,1,0,0,1,1,1,0,0,0,0,0,0,0,0,0,1,1,1,1,0,0,1,0
Order Topology,39,,,,,,,,,,,,,,,,,,,,,,,,,,,,,,,,,,,,,,,,,,,,,,,,,,,,,,,,,,,,
"Open Ordinal Space \([0,\Gamma)\) \((\Gamma < \Omega)\)",40,1,1,1,1,1,1,1,1,1,1,1,1,1,1,1,0,1,1,0,0,0,0,1,1,1,1,1,1,1,1,1,1,1,1,1,0,0,0,0,0,0,0,0,0,0,1,1,1,0,1,1,0,1,1,1,1,1,1,1,0
"Closed Ordinal Space \([0,\Gamma]\) \((\Gamma < \Omega)\)",41,1,1,1,1,1,1,1,1,1,1,1,1,1,1,1,1,1,1,1,1,1,1,1,1,1,1,1,1,1,1,1,1,1,1,1,0,0,0,0,0,0,0,0,0,0,1,1,1,0,1,1,0,1,1,1,1,1,1,1,0
"Open Ordinal Space \([0,\Omega)\)",42,1,1,1,1,1,1,1,1,1,1,1,1,1,1,0,0,0,0,1,1,1,1,1,1,0,0,0,1,0,0,0,1,1,0,0,0,0,0,0,0,0,0,0,0,0,1,1,1,0,1,1,0,0,0,na,1,0,na,1,0
"Closed Ordinal Space \([0,\Omega]\)",43,1,1,1,1,1,1,1,1,1,1,1,1,1,1,0,1,1,1,1,1,1,1,1,1,1,0,0,0,0,1,1,1,1,1,1,0,0,0,0,0,0,0,0,0,0,1,1,1,0,1,1,0,0,0,na,1,0,na,1,0
Uncountable Discrete Ordinal Space,44,,,,,,,,,,,,,,,,,,,,,,,,,,,,,,,,,,,,,,,,,,,,,,,,,,,,,,,,,,,,
The Long Line,45,1,1,1,1,1,1,1,1,1,1,1,1,1,1,0,0,0,0,1,1,1,1,1,1,0,0,0,1,0,0,0,1,1,0,0,1,1,1,0,0,1,1,1,0,0,0,0,0,0,0,0,0,0,0,na,1,0,0,1,0
The Extended Long Line,46,1,1,1,1,1,1,1,1,1,1,1,1,1,1,0,1,1,1,1,1,1,1,1,1,1,0,0,0,0,1,1,1,1,1,1,1,0,0,0,0,1,0,0,0,0,0,0,0,0,0,0,0,0,0,na,1,0,0,1,0
An Altered Long Line,47,1,1,1,1,0,0,0,0,1,0,0,0,0,0,0,0,0,0,1,1,1,1,0,0,0,0,0,0,0,0,0,1,1,0,0,1,0,0,0,0,0,0,0,0,0,0,0,0,0,0,0,0,0,0,na,1,0,0,1,0
Lexicographic Ordering on the Unit Square,48,1,1,1,1,1,1,1,1,1,1,1,1,1,1,0,1,1,1,1,1,1,1,1,1,1,0,0,1,0,1,1,1,1,1,1,1,0,0,0,0,1,0,0,0,0,0,0,0,0,0,0,0,0,0,na,1,0,0,1,0
Right Order Topology,49,,,,,,,,,,,,,,,,,,,,,,,,,,,,,,,,,,,,,,,,,,,,,,,,,,,,,,,,,,,,
Right Order Topology on \(\mathbb{R}\),50,1,0,0,0,0,0,1,1,0,0,0,0,0,0,0,0,1,1,0,0,1,1,1,0,1,1,1,1,1,0,0,0,0,0,0,1,1,1,1,1,1,1,1,0,0,0,0,0,0,0,0,0,0,1,na,0,0,0,1,1
Right Half-Open Interval Topology,51,1,1,1,1,1,1,1,1,1,1,1,1,1,1,1,0,0,1,0,0,0,0,0,0,0,1,0,1,1,1,1,1,1,1,1,0,0,0,0,0,0,0,0,0,0,1,1,1,0,1,0,0,0,0,na,1,0,0,1,0
Nested Interval Topology,52,0,0,0,0,0,0,1,1,0,0,0,0,0,0,0,0,1,1,0,0,1,1,1,0,1,1,1,1,1,0,0,0,0,0,0,1,1,1,1,1,1,1,1,0,0,0,0,0,0,0,0,0,0,1,na,1,0,0,1,1
Overlapping Interval Topology,53,1,0,0,0,0,0,0,0,0,0,0,0,0,0,0,1,1,1,1,1,1,1,1,1,1,1,1,1,1,1,1,1,1,0,0,1,1,1,1,0,1,1,1,0,0,0,0,0,0,0,0,0,0,1,na,1,0,0,1,1
Interlocking Interval Topology,54,0,0,0,0,0,0,0,0,0,0,0,0,0,0,0,0,1,1,0,0,1,1,1,0,1,1,1,1,1,0,1,0,1,0,0,1,,,1,0,1,,,0,0,0,0,0,0,0,0,0,0,1,na,0,0,0,1,1
Hjalmar Ekdal Topology,55,1,0,0,0,0,0,1,1,0,0,0,0,0,0,0,0,1,1,0,0,0,0,1,1,1,1,1,1,1,1,1,1,1,0,1,0,0,0,0,0,1,1,0,0,0,0,0,0,0,0,1,0,0,1,na,1,1,1,1,0
Prime Ideal Topology,56,1,0,0,0,0,0,0,0,0,0,0,0,0,0,0,1,1,1,1,1,1,1,1,1,1,1,1,1,1,1,1,1,1,0,0,1,1,0,1,0,1,1,0,0,0,0,0,0,0,0,0,0,0,1,na,1,1,1,1,1
Divisor Topology,57,1,0,0,0,0,0,1,0,0,0,0,0,0,0,0,0,1,1,0,0,1,1,1,0,1,1,1,1,1,0,0,0,0,0,0,1,1,0,0,1,1,1,0,0,0,0,0,0,0,0,1,0,0,1,na,1,1,1,1,1
Evenly Spaced Integer Topology,58,1,1,1,1,1,1,1,1,1,1,1,1,1,1,1,0,1,1,0,0,0,0,0,0,0,1,1,1,1,1,1,1,1,1,1,0,0,0,0,0,0,0,0,0,0,1,1,1,0,1,0,0,1,1,0,0,1,1,1,0
The \(p\)-adic Topology on \(\mathbb{Z}\),59,1,1,1,1,1,1,1,1,1,1,1,1,1,1,1,0,1,1,0,0,0,0,0,0,0,1,1,1,1,1,1,1,1,1,1,0,0,0,0,0,0,0,0,0,0,1,1,1,0,1,0,0,1,1,0,0,1,1,1,0
Relatively Prime Integer Topology,60,1,1,1,0,0,0,0,0,0,1,0,0,0,0,0,0,1,1,0,0,0,1,0,0,0,1,1,1,1,0,1,0,1,0,0,1,0,0,0,0,0,0,0,0,0,1,0,0,0,0,0,0,0,1,na,,1,1,1,1
Prime Integer Topology,61,1,1,1,0,0,0,0,0,0,,0,0,0,0,0,0,1,1,0,0,0,1,0,0,0,1,1,1,1,0,1,0,1,0,0,1,0,0,0,0,1,0,0,0,0,1,0,0,0,0,0,0,0,1,na,,1,1,1,1
Double Pointed Reals,62,0,0,0,0,1,1,1,1,0,0,0,0,0,0,0,0,1,1,0,0,1,0,1,1,1,1,1,1,1,1,1,1,1,0,1,1,1,1,0,0,1,1,1,0,0,0,0,0,0,0,0,0,0,1,na,0,0,0,1,0
Countable Complement Extension Topology,63,1,1,1,1,0,0,0,0,1,0,0,0,0,0,0,0,0,1,0,0,0,0,0,0,0,0,0,0,1,0,0,0,0,0,0,1,0,0,0,0,1,0,0,0,0,1,0,0,0,0,0,0,0,,na,,0,0,1,0
Smirnov's Deleted Sequence Topology,64,1,1,1,1,0,0,0,0,1,0,0,0,0,0,0,0,1,1,0,0,0,0,0,0,0,1,1,1,1,0,1,0,1,0,0,1,0,0,0,0,0,0,0,0,0,0,0,0,0,0,0,0,0,1,na,1,0,0,1,0
Rational Sequence Topology,65,1,1,1,1,1,1,0,0,1,1,1,1,0,0,0,0,0,0,0,0,0,0,1,1,0,1,0,1,1,0,0,,1,0,0,0,0,0,0,0,0,0,0,0,0,1,1,1,0,1,1,0,0,0,na,1,0,0,1,0
Indiscrete Rational Extension of \(\mathbb{R}\),66,1,1,1,1,0,0,0,0,1,0,0,0,0,0,0,0,0,1,0,0,0,0,0,0,0,1,1,1,1,0,1,0,1,0,0,1,0,0,0,0,0,0,0,0,0,1,0,0,0,0,0,0,0,1,na,,0,0,1,0
Indiscrete Irrational Extension of \(\mathbb{R}\),67,1,1,1,1,0,0,0,0,1,0,0,0,0,0,0,0,0,1,0,0,0,0,0,0,0,1,1,1,1,0,1,0,1,0,0,1,0,0,0,0,0,0,0,0,0,1,0,0,0,0,0,0,0,1,na,,0,0,1,0
Pointed Rational Extension of \(\mathbb{R}\),68,1,1,1,1,0,0,0,0,1,0,0,0,0,0,0,0,0,0,0,0,0,0,0,0,0,1,0,1,1,0,0,0,0,0,0,1,0,0,0,0,0,0,0,0,0,1,0,0,0,0,0,0,0,,na,,0,0,1,0
Pointed Irrational Extension of \(\mathbb{R}\),69,1,1,1,1,0,0,0,0,1,0,0,0,0,0,0,0,0,1,0,0,0,0,0,0,0,1,1,1,1,0,0,0,0,0,0,1,0,0,0,0,0,0,0,0,0,1,0,0,0,0,0,0,0,1,na,,0,0,1,0
Discrete Rational Extension of \(\mathbb{R}\),70,1,1,1,1,1,1,1,1,1,1,1,1,1,1,1,0,0,1,0,0,0,0,0,0,0,1,1,1,1,1,1,1,1,1,1,0,0,0,0,0,0,0,0,0,0,1,1,1,0,1,0,0,1,1,,1,0,0,1,0
Discrete Irrational Extension of \(\mathbb{R}\),71,1,1,1,1,1,1,1,1,1,1,1,1,1,1,0,0,0,0,0,0,0,0,0,0,0,0,0,1,0,1,1,1,1,1,1,0,0,0,0,0,0,0,0,0,0,1,1,1,0,1,0,0,0,0,na,1,0,0,1,0
Rational Extension in the Plane,72,1,1,1,1,0,0,0,0,1,,0,0,0,0,0,0,0,0,0,0,0,0,0,0,0,1,0,1,1,0,0,0,1,0,0,0,0,0,0,0,0,0,0,0,0,1,1,0,0,0,1,0,0,,na,,0,0,1,0
Telophase Topology,73,1,1,0,0,0,0,0,0,0,0,0,0,0,0,0,1,1,1,1,1,1,1,1,1,1,1,1,1,1,1,1,1,1,0,0,1,1,1,0,0,1,1,1,0,0,0,0,0,0,0,0,0,0,1,na,1,0,0,1,0
Double Origin Topology,74,1,1,1,0,0,0,0,0,0,1,0,0,0,0,0,0,1,1,0,0,0,0,0,0,0,1,1,1,1,0,1,0,1,0,0,1,1,1,0,0,1,1,1,0,0,0,0,0,0,0,0,0,0,1,na,1,0,0,1,0
Irrational Slope Topology,75,1,1,1,0,0,0,0,0,0,0,0,0,0,0,0,0,1,1,0,0,0,1,0,0,0,1,1,1,1,0,1,0,1,0,0,1,0,0,0,0,0,0,0,0,0,1,0,0,0,0,0,0,0,1,na,0,1,1,1,1
Deleted Diameter Topology,76,1,1,1,1,0,0,0,0,1,0,0,0,0,0,0,0,0,0,0,0,0,0,0,0,0,1,0,1,1,0,0,0,1,0,0,1,1,1,0,0,1,1,1,0,0,0,0,0,0,0,0,0,0,,na,,0,0,1,0
Deleted Radius Topology,77,1,1,1,1,0,0,0,0,1,0,0,0,0,0,0,0,0,1,0,0,0,0,0,0,0,1,0,1,1,0,,0,,0,0,1,1,1,0,0,1,1,1,0,0,0,0,0,0,0,0,0,0,,na,,0,0,1,0
Half-Disc Topology,78,1,1,1,1,0,0,0,0,1,0,0,0,0,0,0,0,0,0,0,0,0,0,0,0,0,1,0,1,1,0,0,0,1,0,0,1,1,1,0,0,1,1,1,0,0,0,0,0,0,0,0,0,0,,na,,0,0,1,0
Irregular Lattice Topology,79,1,1,1,1,0,0,0,0,1,0,0,0,0,0,0,0,1,1,0,0,0,0,0,0,0,1,1,1,1,0,1,0,1,0,0,0,0,0,0,0,0,0,0,0,0,1,1,1,0,0,1,0,0,1,na,1,1,1,1,0
Arens Square,80,1,1,1,1,0,0,0,0,0,1,0,0,0,0,0,0,1,1,0,0,0,0,0,0,0,1,1,1,1,0,1,0,1,0,0,0,0,0,0,0,0,0,0,0,0,1,1,0,0,0,0,0,0,1,na,0,1,1,1,0
Simplified Arens Square,81,1,1,1,0,0,0,0,0,0,0,0,0,0,0,0,0,1,1,0,0,0,0,0,0,0,1,1,1,1,0,1,0,1,0,0,1,1,1,0,0,1,1,1,0,0,0,0,0,0,0,0,0,0,1,na,1,0,0,1,0
Niemytzki's Tangent Disc Topology,82,1,1,1,1,1,1,0,0,1,1,1,1,0,0,0,0,0,0,0,0,0,0,0,0,0,1,0,1,1,0,0,0,1,0,0,1,1,1,0,0,1,1,1,0,0,0,0,0,0,0,0,0,0,0,na,1,0,0,1,0
Metrizable Tangent Disc Topology,83,1,1,1,1,1,1,1,1,1,1,1,1,1,1,1,0,,1,0,0,0,0,0,0,0,1,1,1,1,1,1,1,1,1,1,1,1,1,0,0,1,1,1,0,0,0,0,0,0,0,0,0,1,1,,1,0,0,1,0
Sorgenfrey's Half-Open Square Topology,84,1,1,1,1,1,1,0,0,1,1,1,1,0,0,0,0,0,0,0,0,0,0,0,0,0,1,0,1,1,0,0,0,1,0,0,0,0,0,0,0,0,0,0,0,0,1,1,1,0,1,0,0,0,0,na,,0,0,1,0
Michael's Product Topology,85,1,1,1,1,1,1,0,0,1,1,1,1,0,0,0,0,0,0,0,0,0,0,0,0,0,0,0,1,0,0,1,,1,0,0,0,0,0,0,0,0,0,0,0,0,1,1,1,0,1,0,0,0,0,na,1,0,0,1,0
Tychonoff Plank,86,1,1,1,1,1,1,1,0,1,1,1,1,1,0,0,1,1,1,1,,1,1,1,1,1,0,0,0,0,1,1,1,1,1,1,0,0,0,0,0,0,0,0,0,0,1,1,1,0,1,1,0,0,0,na,1,0,na,1,0
Deleted Tychonoff Plank,87,1,1,1,1,1,1,0,0,1,1,1,1,0,0,0,0,0,0,0,0,0,1,1,1,0,0,0,0,0,0,0,0,1,0,0,0,0,0,0,0,0,0,0,0,0,1,1,1,0,1,1,0,0,0,na,1,0,na,1,0
Alexandroff Plank,88,1,1,1,1,0,0,0,0,1,1,0,0,0,0,0,0,0,0,0,0,0,,0,0,0,0,0,0,0,0,0,,,0,0,0,0,0,0,0,0,0,0,0,0,0,0,0,0,0,0,0,0,,,1,0,0,1,0
Dieudonne Plank,89,1,1,1,1,1,1,0,0,1,1,1,1,0,0,0,0,0,0,0,0,0,0,0,0,0,0,0,0,0,0,1,0,1,0,0,0,0,0,0,0,0,0,0,0,0,1,1,1,0,1,1,0,0,0,na,1,0,na,1,0
Tychonoff Corkscrew,90,1,1,1,1,1,0,0,0,0,1,1,0,0,0,0,0,0,0,1,1,1,1,0,0,0,0,0,0,0,0,0,1,1,0,0,0,0,0,0,0,0,0,0,0,0,1,1,0,0,0,1,0,0,0,na,1,0,na,1,0
Deleted Tychonoff Corkscrew,91,1,1,1,1,1,0,0,0,1,1,1,0,0,0,0,0,0,0,0,0,0,,0,0,0,0,0,0,0,0,,,,0,0,0,0,0,0,0,0,0,0,0,0,1,1,1,0,0,1,0,0,0,na,,0,na,1,0
Hewitt's Condensed Corkscrew,92,1,1,1,1,1,0,0,0,0,1,1,0,0,0,0,0,0,0,,,,1,0,0,0,,0,,,0,,,,0,0,1,,,0,0,,,,,,,0,0,0,0,0,0,0,0,na,,0,na,1,1
Thomas' Plank,93,1,1,1,1,1,1,0,0,1,1,1,1,0,0,0,0,0,0,0,0,0,0,1,1,0,0,0,0,0,0,1,0,1,0,0,0,0,0,0,0,0,0,0,0,0,1,1,1,0,1,1,0,0,0,na,1,0,0,1,0
Thomas' Corkscrew,94,1,1,1,1,1,0,0,0,0,1,1,0,0,0,0,0,0,0,0,0,0,0,0,0,0,0,0,0,0,0,1,0,1,0,0,0,0,0,0,0,0,0,0,0,0,1,1,0,0,0,,0,0,0,na,1,0,0,1,0
Weak Parallel Line Topology,95,1,1,1,1,1,1,1,1,1,1,1,1,1,1,1,1,1,1,1,1,1,1,1,1,1,1,0,1,1,1,1,1,1,1,1,0,0,0,0,0,0,0,0,0,0,1,1,1,0,1,0,0,0,0,na,1,0,0,1,0
Strong Parallel Line Topology,96,1,1,1,1,0,0,0,0,1,0,0,0,0,0,0,0,0,1,0,0,0,,0,0,0,1,0,1,1,0,1,0,1,0,0,0,0,0,0,0,0,0,0,0,0,1,1,1,0,0,0,0,0,,na,,0,0,1,0
Concentric Circles,97,1,1,1,1,1,1,1,1,1,1,1,1,1,1,0,1,1,1,1,1,1,1,1,1,1,0,0,1,0,1,1,1,1,1,1,0,0,0,0,0,0,0,0,0,0,0,0,0,0,0,0,0,0,0,na,1,0,0,1,0
Appert Space,98,1,1,1,1,1,1,1,1,1,1,1,1,1,1,1,0,1,1,0,0,0,0,0,0,0,1,0,0,1,1,1,1,1,1,1,0,0,0,0,0,0,0,0,0,0,1,1,1,0,1,1,0,0,0,na,1,1,1,1,0
Maximal Compact Topology,99,1,1,0,0,0,0,0,0,0,0,0,0,0,0,0,1,1,1,1,1,1,1,1,1,1,1,0,0,1,1,1,1,1,0,0,0,0,0,0,0,0,0,0,0,0,1,1,0,0,0,1,0,0,1,na,1,1,1,1,0
Minimal Hausdorff Topology,100,1,1,1,0,0,0,0,0,0,1,0,0,0,0,0,0,1,1,0,0,0,1,0,0,0,1,1,1,1,0,1,0,1,0,0,0,0,0,0,0,0,0,0,0,0,1,,0,0,0,,0,0,1,na,1,1,1,1,0
Alexandroff Square,101,1,1,1,1,1,1,1,1,1,1,1,1,1,1,0,1,1,1,1,1,1,1,1,1,1,0,0,0,0,1,1,1,1,1,1,1,1,1,0,0,0,0,0,0,0,0,0,0,0,0,0,0,0,0,na,1,0,0,1,0
\(\mathbb{Z}^{\mathbb{Z}}\),102,1,1,1,1,1,1,1,1,1,1,1,1,,,,0,0,1,0,0,0,0,0,0,0,1,1,1,1,1,1,1,1,1,1,0,0,0,0,0,0,0,0,0,0,1,1,1,0,1,0,0,1,1,1,1,0,0,1,0
Uncountable Products of \(\mathbb{Z}^+\),103,1,1,1,1,1,1,0,0,1,1,1,1,0,0,0,0,0,0,0,0,0,0,0,0,0,,0,0,,,,,,,0,0,0,0,0,0,0,0,0,0,0,1,1,1,,1,0,0,0,0,na,,0,,,0
Baire Product Metric on \(\mathbb{R}^{\omega}\),104,1,1,1,1,1,1,1,1,1,1,1,1,,,,0,0,0,0,0,0,0,0,0,0,0,0,1,,,1,1,1,1,1,0,0,0,0,0,0,0,0,0,0,1,1,1,0,1,0,0,1,1,1,1,0,0,1,0
\(I^I\),105,1,1,1,1,1,1,1,0,1,1,1,1,1,0,0,1,1,1,1,0,1,1,1,1,1,1,0,0,1,,1,1,1,1,1,1,1,1,0,0,1,1,1,0,0,0,0,0,0,0,0,0,0,0,na,1,0,0,1,0
"\([0,\Omega) \times I^I\)",106,1,1,1,1,1,1,,0,1,1,1,1,,0,0,0,0,0,1,0,1,1,1,1,0,0,0,0,0,,0,1,1,0,0,0,0,0,0,0,0,0,0,0,0,0,0,0,0,0,0,0,0,0,na,1,0,0,1,0
Helly Space,107,1,1,1,1,1,1,1,,1,1,1,1,1,,,1,1,1,1,1,1,1,1,1,1,1,0,1,1,,1,1,1,1,1,1,1,1,0,0,1,1,1,0,0,0,0,0,0,0,0,0,0,0,na,1,0,0,1,0
"\(C[0,1]\)",108,1,1,1,1,1,1,1,1,1,1,1,1,1,1,1,0,0,,0,0,0,0,0,0,0,1,1,1,1,,1,1,1,1,1,1,1,1,0,0,1,1,1,,,0,0,0,0,0,0,0,1,1,1,1,0,0,1,0
Boolean Product Topology on \(\mathbb{R}^{\omega}\),109,1,1,1,1,1,1,1,1,1,1,1,1,1,1,,0,0,0,0,0,0,0,,,0,0,0,0,0,,,,,,,1,,,0,0,,,,,,,0,0,0,0,0,0,0,0,na,,0,0,1,0
Stone-Cech Compactification,110,,,,,,,,,,,,,,,,,,,,,,,,,,,,,,,,,,,,,,,,,,,,,,,,,,,,,,,,,,,,
Stone-Cech Compactification of the Integers,111,1,1,1,1,1,1,1,,1,1,1,1,1,,,1,1,1,1,1,1,1,1,1,1,1,0,0,1,,1,1,1,1,1,0,0,0,0,0,0,0,0,0,0,1,1,1,1,1,0,0,0,0,na,1,0,0,1,0
Novak Space,112,1,1,1,1,1,1,,,1,1,1,1,,,,0,0,0,1,,1,1,,,0,1,0,,1,,0,1,1,0,0,,,,0,0,,,,,,,,,,,,0,0,0,na,1,0,,1,0
Strong Ultrafilter Topology,113,1,1,1,1,0,0,0,0,1,,0,0,0,0,0,0,0,0,0,0,0,,0,0,0,1,0,0,1,,0,,,0,0,0,0,0,0,0,0,0,0,0,0,1,1,1,1,0,1,0,0,,na,,0,,1,0
Single Ultrafilter Topology,114,1,1,1,1,1,1,1,1,1,1,1,1,1,1,1,0,1,1,0,0,0,0,0,0,0,1,0,0,1,,1,1,1,1,1,0,0,0,0,0,0,0,0,0,0,1,1,1,1,1,1,0,0,0,na,1,1,1,1,0
Nested Rectangles,115,1,1,1,1,1,1,1,1,1,1,1,1,1,1,1,0,1,1,0,0,0,0,0,0,0,1,1,1,1,,1,1,1,1,1,0,0,0,0,0,0,0,0,0,0,0,0,0,0,0,0,0,1,1,1,1,0,0,1,0
Topologist's Sine Curve,116,1,1,1,1,1,1,1,1,1,1,1,1,1,1,1,0,1,1,0,0,0,0,0,0,0,1,1,1,1,,1,1,1,1,1,1,0,0,0,0,0,0,0,0,0,0,0,0,0,0,0,0,1,1,,1,0,0,1,0
Closed Topologist's Sine Curve,117,1,1,1,1,1,1,1,1,1,1,1,1,1,1,1,1,1,1,1,1,1,1,1,1,1,1,1,1,1,,1,1,1,1,1,1,0,0,0,0,0,0,0,0,0,0,0,0,0,0,0,0,1,1,1,1,0,0,1,0
Extended Topologist's Sine Curve,118,1,1,1,1,1,1,1,1,1,1,1,1,1,1,1,1,1,1,1,1,1,1,1,1,1,1,1,1,1,,1,1,1,1,1,1,1,1,0,0,0,0,0,0,0,0,0,0,0,0,0,0,1,1,1,1,0,0,1,0
The Infinite Broom,119,1,1,1,1,1,1,1,1,1,1,1,1,1,1,1,0,1,1,0,0,0,0,1,1,1,1,1,1,1,,1,1,1,1,1,1,0,0,0,0,0,0,0,0,0,0,0,0,0,0,0,0,1,1,,1,0,0,1,0
The Closed Infinite Broom,120,1,1,1,1,1,1,1,1,1,1,1,1,1,1,1,1,1,1,1,1,1,1,1,1,1,1,1,1,1,,1,1,1,1,1,1,1,1,0,0,0,0,0,0,0,0,0,0,0,0,0,0,1,1,1,1,0,0,1,0
The Integer Broom,121,1,0,0,0,0,0,1,1,0,0,0,0,0,0,0,1,1,1,1,,1,1,1,1,1,1,,,1,,1,1,1,0,,1,1,0,0,1,0,0,0,0,0,0,0,0,0,0,,0,0,,na,0,1,1,1,1
Nested Angles,122,1,1,1,1,1,1,1,1,1,1,1,1,1,1,1,0,1,1,0,0,0,0,1,1,1,1,1,1,1,,1,1,1,1,1,1,0,0,0,0,0,0,0,0,0,0,0,0,0,0,0,0,1,1,1,1,0,0,1,0
The Infinite Cage,123,1,1,1,1,1,1,1,1,1,1,1,1,1,1,1,0,1,1,0,0,0,0,1,1,1,1,1,1,1,,1,1,1,1,1,1,0,0,0,0,0,0,0,0,0,0,0,0,0,0,0,0,1,1,,1,0,0,1,0
Bernstein's Connected Sets,124,,,,,,,,,,,,,,,,,,,,,,,,,,,,,,,,,,,,,,,,,,,,,,,,,,,,,,,,,,,,
Gustin's Sequence Space,125,1,1,1,,0,0,0,0,0,,0,0,0,0,0,0,1,1,0,0,0,1,0,0,0,1,,,1,,,0,,0,0,1,0,0,0,0,,0,0,,,1,0,0,0,0,0,0,0,,na,,1,1,1,1
Roy's Lattice Space,126,1,1,1,1,0,0,0,0,0,0,0,0,0,0,0,0,1,1,0,0,0,1,0,0,0,1,1,1,1,,,0,,0,0,1,0,0,0,0,0,0,0,1,1,1,0,0,0,0,0,0,0,1,na,0,1,1,1,1
Roy's Lattice Subspace,127,1,1,1,1,0,0,0,0,1,,0,0,0,0,0,0,1,1,0,0,0,,0,0,0,1,1,1,1,,,0,,0,0,0,0,0,0,0,0,0,0,0,0,1,1,1,0,0,0,0,0,1,na,0,1,1,1,0
Cantor's Leaky Tent,128,1,1,1,1,1,1,1,1,1,1,1,1,1,1,1,0,,1,0,0,0,0,,,,1,1,1,1,,1,1,1,1,1,1,0,0,0,0,0,0,0,1,1,,0,0,0,0,0,0,1,1,,,0,0,1,0
Cantor's Teepee,129,1,1,1,1,1,1,1,1,1,1,1,1,1,1,1,0,,1,0,0,0,0,,,,1,1,1,1,,1,1,1,1,1,0,0,0,0,0,0,0,0,0,0,1,1,0,0,0,0,0,1,1,,,0,0,1,0
A Pseudo-Arc,130,1,1,1,1,1,1,1,1,1,1,1,1,1,1,1,1,1,1,1,1,1,1,1,1,1,1,1,1,1,,1,1,1,1,1,1,0,0,0,0,,0,0,,,1,0,0,0,0,0,0,1,1,1,1,0,0,1,0
Miller's Biconnected Set,131,,,,,,,,,,,,,,,,,,,,,,,,,,,,,,,,,,,,,,,,,,,,,,,,,,,,,,,,,,,,
Wheel without Its Hub,132,1,1,1,1,1,1,1,1,1,1,1,1,1,1,1,,,1,,,,,,,,1,1,1,1,,,1,1,1,1,1,,,0,0,,,,1,0,,0,0,0,0,0,0,1,1,,,0,0,1,0
Tangora's Connected Space,133,1,1,1,1,1,1,1,1,1,1,1,1,1,1,1,0,0,0,0,0,0,0,0,0,0,0,0,1,0,,,1,1,1,1,1,1,1,0,0,1,1,1,0,0,0,0,0,0,0,0,0,1,1,1,1,0,0,1,0
Bounded Metrics,134,,,,,,,,,,,,,,,,,,,,,,,,,,,,,,,,,,,,,,,,,,,,,,,,,,,,,,,,,,,,
Sierpinski's Metric Space,135,1,1,1,1,1,1,1,1,1,1,1,1,1,1,1,0,1,1,0,0,0,0,1,1,1,1,1,1,1,1,,1,1,1,1,0,0,0,0,0,1,1,1,0,0,1,1,1,1,1,1,1,1,1,1,1,1,1,1,0
Duncan's Space,136,1,1,1,1,1,1,1,1,1,1,1,1,1,1,1,0,0,1,0,0,0,0,0,0,0,1,1,1,1,1,,1,1,1,1,0,0,0,0,0,0,0,0,0,0,1,1,1,0,,0,0,1,1,,,0,0,1,0
Cauchy Completion,137,,,,,,,,,,,,,,,,,,,,,,,,,,,,,,,,,,,,,,,,,,,,,,,,,,,,,,,,,,,,
Hausdorff's Metric Topology,138,,,,,,,,,,,,,,,,,,,,,,,,,,,,,,,,,,,,,,,,,,,,,,,,,,,,,,,,,,,,
The Post Office Metric,139,1,1,1,1,1,1,1,1,1,1,1,1,1,1,1,0,0,0,0,0,0,0,0,0,0,0,0,1,0,1,,1,1,1,1,0,0,0,0,0,0,0,0,0,0,1,1,1,0,1,1,0,1,1,1,1,0,0,1,0
The Radial Metric,140,1,1,1,1,1,1,1,1,1,1,1,1,1,1,1,0,0,0,0,0,0,0,0,0,0,0,0,1,0,1,,1,1,1,1,1,1,1,0,0,1,1,1,0,0,0,0,0,0,0,0,0,1,1,1,1,0,0,1,0
Radial Interval Topology,141,1,1,1,1,1,1,1,1,1,1,1,1,1,1,,0,0,0,0,0,0,0,0,0,0,0,0,0,0,1,,1,1,1,1,1,1,1,0,0,1,1,1,0,0,0,0,0,0,0,0,0,0,0,na,1,0,0,1,0
Bing's Discrete Extension Space,142,1,1,1,1,1,1,1,,1,1,1,1,1,,,0,0,0,,,,,,,0,,0,,,0,,,,0,0,,,,0,0,,,,,,,,,,,,,0,0,na,1,0,0,0,0
Michael's Closed Subspace,143,1,1,1,1,1,1,1,,1,1,1,1,1,,,0,0,0,0,0,0,0,,,0,0,0,,,0,,1,1,0,0,,,,0,0,,,,,,,,,,,,,0,0,na,,0,0,0,0